-- phpMyAdmin SQL Dump
-- version 5.2.0
-- https://www.phpmyadmin.net/
--
-- Host: 127.0.0.1
-- Generation Time: Oct 24, 2022 at 10:07 PM
-- Server version: 10.4.24-MariaDB
-- PHP Version: 8.1.6

SET SQL_MODE = "NO_AUTO_VALUE_ON_ZERO";
START TRANSACTION;
SET time_zone = "+00:00";


/*!40101 SET @OLD_CHARACTER_SET_CLIENT=@@CHARACTER_SET_CLIENT */;
/*!40101 SET @OLD_CHARACTER_SET_RESULTS=@@CHARACTER_SET_RESULTS */;
/*!40101 SET @OLD_COLLATION_CONNECTION=@@COLLATION_CONNECTION */;
/*!40101 SET NAMES utf8mb4 */;

--
-- Database: `me-medeast`
--

-- --------------------------------------------------------

--
-- Table structure for table `me_bill`
--

CREATE TABLE `me_bill` (
  `BILL_UUID` varchar(20) NOT NULL,
  `BILL_MRID` varchar(20) NOT NULL,
  `BILL_SLIP_UUID` varchar(20) NOT NULL,
  `BILL_NAME` varchar(100) NOT NULL,
  `BILL_MOBILE` varchar(15) NOT NULL,
  `BILL_DATE_TIME` datetime NOT NULL DEFAULT current_timestamp(),
  `BILL_AMOUNT` int(10) NOT NULL DEFAULT 0,
  `BILL_DISCOUNT` int(10) DEFAULT 0,
  `BILL_TOTAL` int(10) NOT NULL DEFAULT 0,
  `BILL_DELETE` int(10) NOT NULL DEFAULT 1,
  `STAFF_ID` varchar(20) NOT NULL
) ENGINE=InnoDB DEFAULT CHARSET=latin1;

--
-- Dumping data for table `me_bill`
--

INSERT INTO `me_bill` (`BILL_UUID`, `BILL_MRID`, `BILL_SLIP_UUID`, `BILL_NAME`, `BILL_MOBILE`, `BILL_DATE_TIME`, `BILL_AMOUNT`, `BILL_DISCOUNT`, `BILL_TOTAL`, `BILL_DELETE`, `STAFF_ID`) VALUES
('BID3000-10242022', '102320226683-MRD', 'SLP9677-10242022', 'Outdoor Patient', '03228820280', '2022-10-24 00:29:55', 23200, 3200, 20000, 1, 'USR5235-10232022'),
('BID4008-10242022', '102420229501-MRD', 'SLP9501-10242022', 'Emergency Patient', '03215456985', '2022-10-24 00:28:09', 6350, 350, 6000, 1, 'USR5235-10232022');

-- --------------------------------------------------------

--
-- Table structure for table `me_bill_history`
--

CREATE TABLE `me_bill_history` (
  `BILL_ID` int(10) NOT NULL,
  `BILL_UUID` varchar(20) NOT NULL,
  `BILL_MRID` varchar(20) NOT NULL,
  `BILL_SLIP_UUID` varchar(20) NOT NULL,
  `BILL_NAME` varchar(100) NOT NULL,
  `BILL_MOBILE` varchar(15) NOT NULL,
  `BILL_DATE_TIME` datetime NOT NULL DEFAULT current_timestamp(),
  `BILL_AMOUNT` int(10) NOT NULL DEFAULT 0,
  `BILL_DISCOUNT` int(10) DEFAULT 0,
  `BILL_TOTAL` int(10) NOT NULL DEFAULT 0,
  `STAFF_ID` varchar(20) NOT NULL
) ENGINE=InnoDB DEFAULT CHARSET=latin1;

-- --------------------------------------------------------

--
-- Table structure for table `me_department`
--

CREATE TABLE `me_department` (
  `DEPARTMENT_UUID` varchar(20) NOT NULL,
  `DEPARTMENT_NAME` varchar(100) NOT NULL,
  `DEPARTMENT_STATUS` int(10) NOT NULL DEFAULT 1,
  `DEPARTMENT_DATE_TIME` datetime NOT NULL DEFAULT current_timestamp(),
  `STAFF_ID` varchar(20) NOT NULL
) ENGINE=InnoDB DEFAULT CHARSET=latin1;

--
-- Dumping data for table `me_department`
--

INSERT INTO `me_department` (`DEPARTMENT_UUID`, `DEPARTMENT_NAME`, `DEPARTMENT_STATUS`, `DEPARTMENT_DATE_TIME`, `STAFF_ID`) VALUES
('DEP3680-10232022', 'Test Department One', 1, '2022-10-23 23:37:57', 'USR5235-10232022');

-- --------------------------------------------------------

--
-- Table structure for table `me_doctors`
--

CREATE TABLE `me_doctors` (
  `DOCTOR_UUID` varchar(20) NOT NULL,
  `DOCTOR_NAME` varchar(100) NOT NULL,
  `DOCTOR_MOBILE` varchar(15) DEFAULT NULL,
  `DOCTOR_DEPARTMENT` varchar(20) DEFAULT NULL,
  `DOCTOR_STATUS` int(10) NOT NULL DEFAULT 1,
  `DOCTOR_DATE_TIME` datetime NOT NULL DEFAULT current_timestamp(),
  `DOCTOR_TYPE` varchar(10) NOT NULL DEFAULT 'medeast',
  `STAFF_ID` varchar(20) NOT NULL
) ENGINE=InnoDB DEFAULT CHARSET=latin1;

--
-- Dumping data for table `me_doctors`
--

INSERT INTO `me_doctors` (`DOCTOR_UUID`, `DOCTOR_NAME`, `DOCTOR_MOBILE`, `DOCTOR_DEPARTMENT`, `DOCTOR_STATUS`, `DOCTOR_DATE_TIME`, `DOCTOR_TYPE`, `STAFF_ID`) VALUES
('DOC5999-10232022', 'Doctor Test One', '03214253974', 'DEP3680-10232022', 1, '2022-10-23 23:44:45', 'medeast', 'USR5235-10232022'),
('DOC6993-10232022', 'Dr Visiting Doctor', '03234169956', NULL, 1, '2022-10-23 23:48:01', 'visitor', 'USR5235-10232022');

-- --------------------------------------------------------

--
-- Table structure for table `me_emergency`
--

CREATE TABLE `me_emergency` (
  `EMERGENCY_UUID` varchar(20) NOT NULL,
  `EMERGENCY_SLIP_UUID` varchar(20) NOT NULL,
  `EMERGENCY_DATE_TIME` datetime NOT NULL DEFAULT current_timestamp(),
  `EMERGENCY_DELETE` int(10) NOT NULL DEFAULT 1,
  `STAFF_ID` varchar(20) NOT NULL,
  `ES_MO_FEE` int(10) NOT NULL DEFAULT 0,
  `INJECTION_IM` int(10) NOT NULL DEFAULT 0,
  `INJECTION_IV` int(10) NOT NULL DEFAULT 0,
  `DRIP` int(10) NOT NULL DEFAULT 0,
  `DRIP_VENOFER` int(10) NOT NULL DEFAULT 0,
  `INFUSION_ANTIBIOTIC` int(10) NOT NULL DEFAULT 0,
  `IV_LINE_IN_OUT` int(10) NOT NULL DEFAULT 0,
  `DRESSING_SMALL_LARGE` int(10) NOT NULL DEFAULT 0,
  `PER_STITCH_IN` int(10) NOT NULL DEFAULT 0,
  `PER_STITCH_OUT` int(10) NOT NULL DEFAULT 0,
  `BSF_BSR` int(10) NOT NULL DEFAULT 0,
  `BP` int(10) NOT NULL DEFAULT 0,
  `NEBULIZATION` int(10) NOT NULL DEFAULT 0,
  `ECG` int(10) NOT NULL DEFAULT 0,
  `MONITOR_CHARGE` int(10) NOT NULL DEFAULT 0,
  `CTG` int(10) NOT NULL DEFAULT 0,
  `FOLEY_CATHETER` int(10) NOT NULL DEFAULT 0,
  `STOMACH_WASH` int(10) NOT NULL DEFAULT 0,
  `BLOOD_TRANSFUSION` int(10) NOT NULL DEFAULT 0,
  `ASCITIC_DIAGNOSTIC_THERAPEUTIC` int(10) NOT NULL DEFAULT 0,
  `PLEURAL_FUID_THERAPEUTIC_DIAGNOSTIC` int(10) NOT NULL DEFAULT 0,
  `ENDO_TRACHEAL_TUBE` int(10) NOT NULL DEFAULT 0,
  `ENEMA` int(10) NOT NULL DEFAULT 0,
  `LUMBER_PUNCTURE` int(10) NOT NULL DEFAULT 0,
  `SHORT_STAY` int(10) NOT NULL DEFAULT 0,
  `OTHER_TEXT_1` varchar(100) DEFAULT NULL,
  `OTHER_1` int(10) NOT NULL DEFAULT 0,
  `OTHER_TEXT_2` varchar(100) DEFAULT NULL,
  `OTHER_2` int(10) NOT NULL DEFAULT 0,
  `OTHER_TEXT_3` varchar(100) DEFAULT NULL,
  `OTHER_3` int(10) NOT NULL DEFAULT 0,
  `OTHER_TEXT_4` varchar(100) DEFAULT NULL,
  `OTHER_4` int(10) NOT NULL DEFAULT 0,
  `OTHER_TEXT_5` varchar(100) DEFAULT NULL,
  `OTHER_5` int(10) NOT NULL DEFAULT 0,
  `OTHER_TEXT_6` varchar(100) DEFAULT NULL,
  `OTHER_6` int(10) NOT NULL DEFAULT 0,
  `OTHER_TEXT_7` varchar(100) DEFAULT NULL,
  `OTHER_7` int(10) NOT NULL DEFAULT 0,
  `OTHER_TEXT_8` varchar(100) DEFAULT NULL,
  `OTHER_8` int(10) NOT NULL DEFAULT 0,
  `OTHER_TEXT_9` varchar(100) DEFAULT NULL,
  `OTHER_9` int(10) NOT NULL DEFAULT 0,
  `OTHER_TEXT_10` varchar(100) DEFAULT NULL,
  `OTHER_10` int(10) NOT NULL DEFAULT 0,
  `OTHER_TEXT_11` varchar(100) DEFAULT NULL,
  `OTHER_11` int(10) NOT NULL DEFAULT 0,
  `OTHER_TEXT_12` varchar(100) DEFAULT NULL,
  `OTHER_12` int(10) NOT NULL DEFAULT 0
) ENGINE=InnoDB DEFAULT CHARSET=latin1;

--
-- Dumping data for table `me_emergency`
--

INSERT INTO `me_emergency` (`EMERGENCY_UUID`, `EMERGENCY_SLIP_UUID`, `EMERGENCY_DATE_TIME`, `EMERGENCY_DELETE`, `STAFF_ID`, `ES_MO_FEE`, `INJECTION_IM`, `INJECTION_IV`, `DRIP`, `DRIP_VENOFER`, `INFUSION_ANTIBIOTIC`, `IV_LINE_IN_OUT`, `DRESSING_SMALL_LARGE`, `PER_STITCH_IN`, `PER_STITCH_OUT`, `BSF_BSR`, `BP`, `NEBULIZATION`, `ECG`, `MONITOR_CHARGE`, `CTG`, `FOLEY_CATHETER`, `STOMACH_WASH`, `BLOOD_TRANSFUSION`, `ASCITIC_DIAGNOSTIC_THERAPEUTIC`, `PLEURAL_FUID_THERAPEUTIC_DIAGNOSTIC`, `ENDO_TRACHEAL_TUBE`, `ENEMA`, `LUMBER_PUNCTURE`, `SHORT_STAY`, `OTHER_TEXT_1`, `OTHER_1`, `OTHER_TEXT_2`, `OTHER_2`, `OTHER_TEXT_3`, `OTHER_3`, `OTHER_TEXT_4`, `OTHER_4`, `OTHER_TEXT_5`, `OTHER_5`, `OTHER_TEXT_6`, `OTHER_6`, `OTHER_TEXT_7`, `OTHER_7`, `OTHER_TEXT_8`, `OTHER_8`, `OTHER_TEXT_9`, `OTHER_9`, `OTHER_TEXT_10`, `OTHER_10`, `OTHER_TEXT_11`, `OTHER_11`, `OTHER_TEXT_12`, `OTHER_12`) VALUES
('BID4008-10242022', 'SLP9501-10242022', '2022-10-24 00:28:09', 1, 'USR5235-10232022', 500, 100, 0, 400, 1200, 700, 250, 0, 1750, 750, 0, 0, 0, 0, 0, 700, 0, 0, 0, 0, 0, 0, 0, 0, 0, NULL, 0, NULL, 0, NULL, 0, NULL, 0, NULL, 0, NULL, 0, NULL, 0, NULL, 0, NULL, 0, NULL, 0, NULL, 0, NULL, 0);

-- --------------------------------------------------------

--
-- Table structure for table `me_emergency_history`
--

CREATE TABLE `me_emergency_history` (
  `EMERGENCY_ID` int(10) NOT NULL,
  `EMERGENCY_UUID` varchar(20) NOT NULL,
  `EMERGENCY_SLIP_UUID` varchar(20) NOT NULL,
  `EMERGENCY_DATE_TIME` datetime NOT NULL DEFAULT current_timestamp(),
  `STAFF_ID` varchar(20) NOT NULL,
  `ES_MO_FEE` int(10) NOT NULL DEFAULT 0,
  `INJECTION_IM` int(10) NOT NULL DEFAULT 0,
  `INJECTION_IV` int(10) NOT NULL DEFAULT 0,
  `DRIP` int(10) NOT NULL DEFAULT 0,
  `DRIP_VENOFER` int(10) NOT NULL DEFAULT 0,
  `INFUSION_ANTIBIOTIC` int(10) NOT NULL DEFAULT 0,
  `IV_LINE_IN_OUT` int(10) NOT NULL DEFAULT 0,
  `DRESSING_SMALL_LARGE` int(10) NOT NULL DEFAULT 0,
  `PER_STITCH_IN` int(10) NOT NULL DEFAULT 0,
  `PER_STITCH_OUT` int(10) NOT NULL DEFAULT 0,
  `BSF_BSR` int(10) NOT NULL DEFAULT 0,
  `BP` int(10) NOT NULL DEFAULT 0,
  `NEBULIZATION` int(10) NOT NULL DEFAULT 0,
  `ECG` int(10) NOT NULL DEFAULT 0,
  `MONITOR_CHARGE` int(10) NOT NULL DEFAULT 0,
  `CTG` int(10) NOT NULL DEFAULT 0,
  `FOLEY_CATHETER` int(10) NOT NULL DEFAULT 0,
  `STOMACH_WASH` int(10) NOT NULL DEFAULT 0,
  `BLOOD_TRANSFUSION` int(10) NOT NULL DEFAULT 0,
  `ASCITIC_DIAGNOSTIC_THERAPEUTIC` int(10) NOT NULL DEFAULT 0,
  `PLEURAL_FUID_THERAPEUTIC_DIAGNOSTIC` int(10) NOT NULL DEFAULT 0,
  `ENDO_TRACHEAL_TUBE` int(10) NOT NULL DEFAULT 0,
  `ENEMA` int(10) NOT NULL DEFAULT 0,
  `LUMBER_PUNCTURE` int(10) NOT NULL DEFAULT 0,
  `SHORT_STAY` int(10) NOT NULL DEFAULT 0,
  `OTHER_TEXT_1` varchar(100) DEFAULT NULL,
  `OTHER_1` int(10) NOT NULL DEFAULT 0,
  `OTHER_TEXT_2` varchar(100) DEFAULT NULL,
  `OTHER_2` int(10) NOT NULL DEFAULT 0,
  `OTHER_TEXT_3` varchar(100) DEFAULT NULL,
  `OTHER_3` int(10) NOT NULL DEFAULT 0,
  `OTHER_TEXT_4` varchar(100) DEFAULT NULL,
  `OTHER_4` int(10) NOT NULL DEFAULT 0,
  `OTHER_TEXT_5` varchar(100) DEFAULT NULL,
  `OTHER_5` int(10) NOT NULL DEFAULT 0,
  `OTHER_TEXT_6` varchar(100) DEFAULT NULL,
  `OTHER_6` int(10) NOT NULL DEFAULT 0,
  `OTHER_TEXT_7` varchar(100) DEFAULT NULL,
  `OTHER_7` int(10) NOT NULL DEFAULT 0,
  `OTHER_TEXT_8` varchar(100) DEFAULT NULL,
  `OTHER_8` int(10) NOT NULL DEFAULT 0,
  `OTHER_TEXT_9` varchar(100) DEFAULT NULL,
  `OTHER_9` int(10) NOT NULL DEFAULT 0,
  `OTHER_TEXT_10` varchar(100) DEFAULT NULL,
  `OTHER_10` int(10) NOT NULL DEFAULT 0,
  `OTHER_TEXT_11` varchar(100) DEFAULT NULL,
  `OTHER_11` int(10) NOT NULL DEFAULT 0,
  `OTHER_TEXT_12` varchar(100) DEFAULT NULL,
  `OTHER_12` int(10) NOT NULL DEFAULT 0
) ENGINE=InnoDB DEFAULT CHARSET=latin1;

-- --------------------------------------------------------

--
-- Table structure for table `me_emergency_service_charge`
--

CREATE TABLE `me_emergency_service_charge` (
  `SERVICE_UUID` varchar(20) NOT NULL,
  `SERVICE_NAME` varchar(100) NOT NULL,
  `SERVICE_CHARGE` int(10) NOT NULL,
  `SERVICE_STATUS` int(10) NOT NULL DEFAULT 1,
  `SERVICE_DATE_TIME` datetime NOT NULL DEFAULT current_timestamp(),
  `STAFF_ID` varchar(20) NOT NULL
) ENGINE=InnoDB DEFAULT CHARSET=latin1;

-- --------------------------------------------------------

--
-- Table structure for table `me_followup_slip`
--

CREATE TABLE `me_followup_slip` (
  `SLIP_UUID` varchar(20) NOT NULL,
  `SLIP_REFERENCE_UUID` varchar(20) NOT NULL,
  `SLIP_FEE` int(10) NOT NULL DEFAULT 0,
  `SLIP_DATE_TIME` datetime NOT NULL DEFAULT current_timestamp(),
  `SLIP_DELETE` int(10) NOT NULL DEFAULT 1,
  `STAFF_ID` varchar(20) NOT NULL
) ENGINE=InnoDB DEFAULT CHARSET=latin1;

--
-- Dumping data for table `me_followup_slip`
--

INSERT INTO `me_followup_slip` (`SLIP_UUID`, `SLIP_REFERENCE_UUID`, `SLIP_FEE`, `SLIP_DATE_TIME`, `SLIP_DELETE`, `STAFF_ID`) VALUES
('FOL4664-10242022', 'SLP9677-10242022', 0, '2022-10-24 00:06:25', 1, 'USR5235-10232022'),
('FOL9296-10232022', 'SLP6683-10232022', 4500, '2022-10-23 23:52:08', 1, 'USR5235-10232022');

-- --------------------------------------------------------

--
-- Table structure for table `me_followup_slip_history`
--

CREATE TABLE `me_followup_slip_history` (
  `SLIP_ID` int(10) NOT NULL,
  `SLIP_UUID` varchar(20) NOT NULL,
  `SLIP_REFERENCE_UUID` varchar(20) NOT NULL,
  `SLIP_FEE` int(10) NOT NULL DEFAULT 0,
  `SLIP_DATE_TIME` datetime NOT NULL DEFAULT current_timestamp(),
  `STAFF_ID` varchar(20) NOT NULL
) ENGINE=InnoDB DEFAULT CHARSET=latin1;

-- --------------------------------------------------------

--
-- Table structure for table `me_general_service`
--

CREATE TABLE `me_general_service` (
  `SERVICE_UUID` varchar(20) NOT NULL,
  `SERVICE_NAME` varchar(100) NOT NULL,
  `SERVICE_RATE` int(10) NOT NULL DEFAULT 0,
  `SERVICE_DATE_TIME` datetime NOT NULL DEFAULT current_timestamp(),
  `SERVICE_STATUS` int(10) NOT NULL DEFAULT 1,
  `STAFF_ID` varchar(20) NOT NULL
) ENGINE=InnoDB DEFAULT CHARSET=latin1;

--
-- Dumping data for table `me_general_service`
--

INSERT INTO `me_general_service` (`SERVICE_UUID`, `SERVICE_NAME`, `SERVICE_RATE`, `SERVICE_DATE_TIME`, `SERVICE_STATUS`, `STAFF_ID`) VALUES
('SER9142-10232022', 'Test Service One', 1500, '2022-10-23 23:47:07', 1, 'USR5235-10232022');

-- --------------------------------------------------------

--
-- Table structure for table `me_indoor`
--

CREATE TABLE `me_indoor` (
  `INDOOR_UUID` varchar(20) NOT NULL,
  `INDOOR_SLIP_UUID` varchar(20) NOT NULL,
  `INDOOR_DATE_TIME` datetime NOT NULL DEFAULT current_timestamp(),
  `INDOOR_DELETE` int(10) NOT NULL DEFAULT 1,
  `STAFF_ID` varchar(20) NOT NULL,
  `ADMISSION_DATE_TIME` varchar(20) NOT NULL,
  `DISCHARGE_DATE_TIME` datetime NOT NULL DEFAULT current_timestamp(),
  `ADMISSION_CHARGE` int(10) NOT NULL DEFAULT 0,
  `SURGEON_CHARGE` int(10) NOT NULL DEFAULT 0,
  `ANESTHETIST_CHARGE` int(10) NOT NULL DEFAULT 0,
  `OPERATION_CHARGE` int(10) NOT NULL DEFAULT 0,
  `LABOUR_ROOM_CHARGE` int(10) NOT NULL DEFAULT 0,
  `PEDIATRIC_CHARGE` int(10) NOT NULL DEFAULT 0,
  `PRIVATE_ROOM_CHARGE` int(10) NOT NULL DEFAULT 0,
  `NURSURY_CHARGE` int(10) NOT NULL DEFAULT 0,
  `NURSURY_STAFF_CHARGE` int(10) NOT NULL DEFAULT 0,
  `MO_CHARGE` int(10) NOT NULL DEFAULT 0,
  `CONSULTANT_CHARGE` int(10) NOT NULL DEFAULT 0,
  `CTG_CHARGE` int(10) NOT NULL DEFAULT 0,
  `RECOVERY_ROOM_CHARGE` int(10) NOT NULL DEFAULT 0,
  `MONITOR_CHARGE` int(10) NOT NULL DEFAULT 0,
  `OXYGEN_CHARGE` int(10) NOT NULL DEFAULT 0,
  `NURSING_CHARGE` int(10) NOT NULL DEFAULT 0,
  `OTHER_TEXT_1` varchar(100) DEFAULT NULL,
  `OTHER_1` int(10) NOT NULL DEFAULT 0,
  `OTHER_TEXT_2` varchar(100) DEFAULT NULL,
  `OTHER_2` int(10) NOT NULL DEFAULT 0,
  `OTHER_TEXT_3` varchar(100) DEFAULT NULL,
  `OTHER_3` int(10) NOT NULL DEFAULT 0,
  `OTHER_TEXT_4` varchar(100) DEFAULT NULL,
  `OTHER_4` int(10) NOT NULL DEFAULT 0,
  `OTHER_TEXT_5` varchar(100) DEFAULT NULL,
  `OTHER_5` int(10) NOT NULL DEFAULT 0,
  `OTHER_TEXT_6` varchar(100) DEFAULT NULL,
  `OTHER_6` int(10) NOT NULL DEFAULT 0
) ENGINE=InnoDB DEFAULT CHARSET=latin1;

--
-- Dumping data for table `me_indoor`
--

INSERT INTO `me_indoor` (`INDOOR_UUID`, `INDOOR_SLIP_UUID`, `INDOOR_DATE_TIME`, `INDOOR_DELETE`, `STAFF_ID`, `ADMISSION_DATE_TIME`, `DISCHARGE_DATE_TIME`, `ADMISSION_CHARGE`, `SURGEON_CHARGE`, `ANESTHETIST_CHARGE`, `OPERATION_CHARGE`, `LABOUR_ROOM_CHARGE`, `PEDIATRIC_CHARGE`, `PRIVATE_ROOM_CHARGE`, `NURSURY_CHARGE`, `NURSURY_STAFF_CHARGE`, `MO_CHARGE`, `CONSULTANT_CHARGE`, `CTG_CHARGE`, `RECOVERY_ROOM_CHARGE`, `MONITOR_CHARGE`, `OXYGEN_CHARGE`, `NURSING_CHARGE`, `OTHER_TEXT_1`, `OTHER_1`, `OTHER_TEXT_2`, `OTHER_2`, `OTHER_TEXT_3`, `OTHER_3`, `OTHER_TEXT_4`, `OTHER_4`, `OTHER_TEXT_5`, `OTHER_5`, `OTHER_TEXT_6`, `OTHER_6`) VALUES
('BID3000-10242022', 'SLP9677-10242022', '2022-10-24 00:29:56', 1, 'USR5235-10232022', '2022-10-24 00:05:59', '2022-10-24 00:29:56', 200, 500, 500, 500, 500, 500, 11000, 500, 500, 5000, 2500, 500, 500, 0, 0, 500, NULL, 0, NULL, 0, NULL, 0, NULL, 0, NULL, 0, NULL, 0);

-- --------------------------------------------------------

--
-- Table structure for table `me_indoor_history`
--

CREATE TABLE `me_indoor_history` (
  `INDOOR_ID` int(10) NOT NULL,
  `INDOOR_UUID` varchar(20) NOT NULL,
  `INDOOR_SLIP_UUID` varchar(20) NOT NULL,
  `INDOOR_DATE_TIME` datetime NOT NULL DEFAULT current_timestamp(),
  `STAFF_ID` varchar(20) NOT NULL,
  `ADMISSION_DATE_TIME` varchar(20) NOT NULL,
  `DISCHARGE_DATE_TIME` datetime NOT NULL DEFAULT current_timestamp(),
  `ADMISSION_CHARGE` int(10) NOT NULL DEFAULT 0,
  `SURGEON_CHARGE` int(10) NOT NULL DEFAULT 0,
  `ANESTHETIST_CHARGE` int(10) NOT NULL DEFAULT 0,
  `OPERATION_CHARGE` int(10) NOT NULL DEFAULT 0,
  `LABOUR_ROOM_CHARGE` int(10) NOT NULL DEFAULT 0,
  `PEDIATRIC_CHARGE` int(10) NOT NULL DEFAULT 0,
  `PRIVATE_ROOM_CHARGE` int(10) NOT NULL DEFAULT 0,
  `NURSURY_CHARGE` int(10) NOT NULL DEFAULT 0,
  `NURSURY_STAFF_CHARGE` int(10) NOT NULL DEFAULT 0,
  `MO_CHARGE` int(10) NOT NULL DEFAULT 0,
  `CONSULTANT_CHARGE` int(10) NOT NULL DEFAULT 0,
  `CTG_CHARGE` int(10) NOT NULL DEFAULT 0,
  `RECOVERY_ROOM_CHARGE` int(10) NOT NULL DEFAULT 0,
  `MONITOR_CHARGE` int(10) NOT NULL DEFAULT 0,
  `OXYGEN_CHARGE` int(10) NOT NULL DEFAULT 0,
  `NURSING_CHARGE` int(10) NOT NULL DEFAULT 0,
  `OTHER_TEXT_1` varchar(100) DEFAULT NULL,
  `OTHER_1` int(10) NOT NULL DEFAULT 0,
  `OTHER_TEXT_2` varchar(100) DEFAULT NULL,
  `OTHER_2` int(10) NOT NULL DEFAULT 0,
  `OTHER_TEXT_3` varchar(100) DEFAULT NULL,
  `OTHER_3` int(10) NOT NULL DEFAULT 0,
  `OTHER_TEXT_4` varchar(100) DEFAULT NULL,
  `OTHER_4` int(10) NOT NULL DEFAULT 0,
  `OTHER_TEXT_5` varchar(100) DEFAULT NULL,
  `OTHER_5` int(10) NOT NULL DEFAULT 0,
  `OTHER_TEXT_6` varchar(100) DEFAULT NULL,
  `OTHER_6` int(10) NOT NULL DEFAULT 0
) ENGINE=InnoDB DEFAULT CHARSET=latin1;

-- --------------------------------------------------------

--
-- Table structure for table `me_indoor_type`
--

CREATE TABLE `me_indoor_type` (
  `INDOOR_TYPE_UUID` varchar(20) NOT NULL,
  `INDOOR_TYPE_NAME` varchar(100) NOT NULL,
  `INDOOR_TYPE_ALAIS` varchar(20) NOT NULL,
  `INDOOR_TYPE_DATE_TIME` datetime NOT NULL DEFAULT current_timestamp(),
  `INDOOR_TYPE_STATUS` int(10) NOT NULL DEFAULT 1,
  `STAFF_ID` varchar(20) NOT NULL
) ENGINE=InnoDB DEFAULT CHARSET=latin1;

-- --------------------------------------------------------

--
-- Table structure for table `me_patient`
--

CREATE TABLE `me_patient` (
  `PATIENT_MR_ID` varchar(20) NOT NULL,
  `PATIENT_NAME` varchar(100) NOT NULL,
  `PATIENT_MOBILE` varchar(15) NOT NULL,
  `PATIENT_GENDER` varchar(20) NOT NULL,
  `PATIENT_AGE` varchar(10) NOT NULL,
  `PATIENT_ADDRESS` varchar(100) DEFAULT NULL,
  `PATIENT_DATE_TIME` timestamp NOT NULL DEFAULT current_timestamp(),
  `PATIENT_DELETE` int(10) NOT NULL DEFAULT 1,
  `STAFF_ID` varchar(20) NOT NULL
) ENGINE=InnoDB DEFAULT CHARSET=latin1;

--
-- Dumping data for table `me_patient`
--

INSERT INTO `me_patient` (`PATIENT_MR_ID`, `PATIENT_NAME`, `PATIENT_MOBILE`, `PATIENT_GENDER`, `PATIENT_AGE`, `PATIENT_ADDRESS`, `PATIENT_DATE_TIME`, `PATIENT_DELETE`, `STAFF_ID`) VALUES
('102320226683-MRD', 'Outdoor Patient', '03228820280', 'male', '25', 'Lahore, Pakistan', '2022-10-23 18:50:29', 1, 'USR5235-10232022'),
('102420221615-MRD', 'Test Emergency Patient', '03215456987', 'male', '45', 'Lahore', '2022-10-23 19:13:02', 1, 'USR5235-10232022'),
('102420229501-MRD', 'Emergency Patient', '03215456985', 'male', '25', 'Lahore', '2022-10-23 19:16:09', 1, 'USR5235-10232022');

-- --------------------------------------------------------

--
-- Table structure for table `me_patient_history`
--

CREATE TABLE `me_patient_history` (
  `PATIENT_ID` int(10) NOT NULL,
  `PATIENT_MR_ID` varchar(20) NOT NULL,
  `PATIENT_NAME` varchar(100) NOT NULL,
  `PATIENT_MOBILE` varchar(15) NOT NULL,
  `PATIENT_GENDER` varchar(20) NOT NULL,
  `PATIENT_AGE` varchar(10) NOT NULL,
  `PATIENT_ADDRESS` varchar(100) DEFAULT NULL,
  `PATIENT_DATE_TIME` timestamp NOT NULL DEFAULT current_timestamp(),
  `STAFF_ID` varchar(20) NOT NULL
) ENGINE=InnoDB DEFAULT CHARSET=latin1;

-- --------------------------------------------------------

--
-- Table structure for table `me_request`
--

CREATE TABLE `me_request` (
  `REQUEST_UUID` varchar(20) NOT NULL,
  `REQUEST_REFERENCE_UUID` varchar(20) NOT NULL,
  `REQUEST_NAME` varchar(50) NOT NULL,
  `REQUEST_COMMENT` varchar(250) NOT NULL,
  `REQUEST_STATUS` int(11) NOT NULL DEFAULT 0,
  `REQUEST_DATE_TIME` datetime NOT NULL DEFAULT current_timestamp(),
  `STAFF_ID` varchar(20) NOT NULL
) ENGINE=InnoDB DEFAULT CHARSET=latin1;

-- --------------------------------------------------------

--
-- Table structure for table `me_room`
--

CREATE TABLE `me_room` (
  `ROOM_UUID` varchar(20) NOT NULL,
  `ROOM_NAME` varchar(100) NOT NULL,
  `ROOM_RATE` int(10) NOT NULL,
  `ROOM_STATUS` int(10) NOT NULL DEFAULT 1,
  `ROOM_DATE_TIME` datetime NOT NULL DEFAULT current_timestamp(),
  `STAFF_ID` varchar(20) NOT NULL
) ENGINE=InnoDB DEFAULT CHARSET=latin1;

--
-- Dumping data for table `me_room`
--

INSERT INTO `me_room` (`ROOM_UUID`, `ROOM_NAME`, `ROOM_RATE`, `ROOM_STATUS`, `ROOM_DATE_TIME`, `STAFF_ID`) VALUES
('ROM4585-10232022', 'Room One', 5500, 1, '2022-10-23 23:45:49', 'USR5235-10232022');

-- --------------------------------------------------------

--
-- Table structure for table `me_service_slip`
--

CREATE TABLE `me_service_slip` (
  `SLIP_UUID` varchar(20) NOT NULL,
  `SLIP_REFERENCE_UUID` varchar(20) NOT NULL,
  `SLIP_SERVICE_NAME` varchar(100) NOT NULL,
  `SLIP_SERVICE_RATE` int(10) NOT NULL DEFAULT 0,
  `SLIP_SERVICE_DISCOUNT` int(10) DEFAULT 0,
  `SLIP_SERVICE_TOTAL` int(10) NOT NULL DEFAULT 0,
  `SLIP_DATE_TIME` datetime NOT NULL DEFAULT current_timestamp(),
  `SLIP_DELETE` int(10) NOT NULL DEFAULT 1,
  `STAFF_ID` varchar(20) NOT NULL
) ENGINE=InnoDB DEFAULT CHARSET=latin1;

--
-- Dumping data for table `me_service_slip`
--

INSERT INTO `me_service_slip` (`SLIP_UUID`, `SLIP_REFERENCE_UUID`, `SLIP_SERVICE_NAME`, `SLIP_SERVICE_RATE`, `SLIP_SERVICE_DISCOUNT`, `SLIP_SERVICE_TOTAL`, `SLIP_DATE_TIME`, `SLIP_DELETE`, `STAFF_ID`) VALUES
('SRS0258-10242022', 'SLP6683-10232022', 'Test Service One', 1500, 500, 1000, '2022-10-24 00:04:50', 1, 'USR5235-10232022'),
('SRS4902-10242022', 'SLP9677-10242022', 'Test Service One', 1500, 450, 1050, '2022-10-24 00:07:17', 1, 'USR5235-10232022'),
('SRS6856-10232022', 'SLP6683-10232022', 'Test Service One', 1500, 250, 1250, '2022-10-24 00:02:14', 1, 'USR5235-10232022');

-- --------------------------------------------------------

--
-- Table structure for table `me_service_slip_history`
--

CREATE TABLE `me_service_slip_history` (
  `SLIP_ID` int(10) NOT NULL,
  `SLIP_UUID` varchar(20) NOT NULL,
  `SLIP_REFERENCE_UUID` varchar(20) NOT NULL,
  `SLIP_SERVICE_NAME` varchar(100) NOT NULL,
  `SLIP_SERVICE_RATE` int(10) NOT NULL DEFAULT 0,
  `SLIP_SERVICE_DISCOUNT` int(10) DEFAULT 0,
  `SLIP_SERVICE_TOTAL` int(10) NOT NULL DEFAULT 0,
  `SLIP_DATE_TIME` datetime NOT NULL DEFAULT current_timestamp(),
  `STAFF_ID` varchar(20) NOT NULL
) ENGINE=InnoDB DEFAULT CHARSET=latin1;

-- --------------------------------------------------------

--
-- Table structure for table `me_slip`
--

CREATE TABLE `me_slip` (
  `SLIP_UUID` varchar(20) NOT NULL,
  `SLIP_MRID` varchar(20) NOT NULL,
  `SLIP_NAME` varchar(100) NOT NULL,
  `SLIP_MOBILE` varchar(15) NOT NULL,
  `SLIP_DEPARTMENT` varchar(20) DEFAULT NULL,
  `SLIP_DOCTOR` varchar(20) NOT NULL,
  `SLIP_DATE_TIME` datetime NOT NULL DEFAULT current_timestamp(),
  `SLIP_STATUS` int(10) NOT NULL DEFAULT 1,
  `SLIP_DELETE` int(10) NOT NULL DEFAULT 1,
  `SLIP_FEE` int(10) DEFAULT NULL,
  `SLIP_PROCEDURE` varchar(255) DEFAULT NULL,
  `SLIP_TYPE` varchar(15) NOT NULL,
  `SLIP_SUB_TYPE` varchar(25) DEFAULT NULL,
  `STAFF_ID` varchar(20) NOT NULL
) ENGINE=InnoDB DEFAULT CHARSET=latin1;

--
-- Dumping data for table `me_slip`
--

INSERT INTO `me_slip` (`SLIP_UUID`, `SLIP_MRID`, `SLIP_NAME`, `SLIP_MOBILE`, `SLIP_DEPARTMENT`, `SLIP_DOCTOR`, `SLIP_DATE_TIME`, `SLIP_STATUS`, `SLIP_DELETE`, `SLIP_FEE`, `SLIP_PROCEDURE`, `SLIP_TYPE`, `SLIP_SUB_TYPE`, `STAFF_ID`) VALUES
('SLP2166-10242022', '102320226683-MRD', 'Outdoor Patient', '03228820280', NULL, 'DOC5999-10232022', '2022-10-24 00:19:02', 1, 1, 0, NULL, 'EMERGENCY', NULL, 'USR5235-10232022'),
('SLP6683-10232022', '102320226683-MRD', 'Outdoor Patient Slip', '03228820280', 'DEP3680-10232022', 'DOC5999-10232022', '2022-10-23 23:50:30', 1, 0, 4500, '', 'OUTDOOR', NULL, 'USR5235-10232022'),
('SLP9501-10242022', '102420229501-MRD', 'Emergency Patient', '03215456985', NULL, 'DOC5999-10232022', '2022-10-24 00:16:09', 0, 1, 0, NULL, 'EMERGENCY', NULL, 'USR5235-10232022'),
('SLP9677-10242022', '102320226683-MRD', 'Outdoor Patient', '03228820280', 'DEP3680-10232022', 'DOC5999-10232022', '2022-10-24 00:05:59', 0, 1, 0, 'Test Procedure Surgery', 'INDOOR', 'GENERAL_SURGERY_PATIENT', 'USR5235-10232022');

-- --------------------------------------------------------

--
-- Table structure for table `me_slip_history`
--

CREATE TABLE `me_slip_history` (
  `SLIP_ID` int(10) NOT NULL,
  `SLIP_UUID` varchar(20) NOT NULL,
  `SLIP_MRID` varchar(20) NOT NULL,
  `SLIP_NAME` varchar(255) DEFAULT NULL,
  `SLIP_MOBILE` varchar(15) DEFAULT NULL,
  `SLIP_DEPARTMENT` varchar(20) DEFAULT NULL,
  `SLIP_DOCTOR` varchar(20) DEFAULT NULL,
  `SLIP_DATE_TIME` timestamp NOT NULL DEFAULT current_timestamp(),
  `SLIP_FEE` int(10) DEFAULT NULL,
  `SLIP_PROCEDURE` varchar(200) DEFAULT NULL,
  `SLIP_TYPE` varchar(100) DEFAULT NULL,
  `STAFF_ID` varchar(20) NOT NULL
) ENGINE=InnoDB DEFAULT CHARSET=latin1;

--
-- Dumping data for table `me_slip_history`
--

INSERT INTO `me_slip_history` (`SLIP_ID`, `SLIP_UUID`, `SLIP_MRID`, `SLIP_NAME`, `SLIP_MOBILE`, `SLIP_DEPARTMENT`, `SLIP_DOCTOR`, `SLIP_DATE_TIME`, `SLIP_FEE`, `SLIP_PROCEDURE`, `SLIP_TYPE`, `STAFF_ID`) VALUES
(1, 'SLP6683-10232022', '102320226683-MRD', 'Outdoor Patient', '03228820280', 'DEP3680-10232022', 'DOC5999-10232022', '2022-10-23 18:50:30', 4200, '', 'OUTDOOR', 'USR5235-10232022'),
(2, 'SLP6683-10232022', '102320226683-MRD', 'Outdoor Patient Slip', '03228820280', 'DEP3680-10232022', 'DOC5999-10232022', '2022-10-23 18:51:47', 4500, '', 'OUTDOOR', 'USR5235-10232022'),
(3, 'SLP9677-10242022', '102320226683-MRD', 'Outdoor Patient', '03228820280', 'DEP3680-10232022', 'DOC5999-10232022', '2022-10-23 19:05:59', 0, 'Test Procedure Surgery', 'INDOOR', 'USR5235-10232022'),
(5, 'SLP9501-10242022', '102420229501-MRD', 'Emergency Patient', '03215456985', NULL, 'DOC5999-10232022', '2022-10-23 19:16:09', 0, '', 'EMERGENCY', 'USR5235-10232022'),
(6, 'SLP2166-10242022', '102320226683-MRD', 'Outdoor Patient', '03228820280', NULL, 'DOC5999-10232022', '2022-10-23 19:19:02', 0, '', 'EMERGENCY', 'USR5235-10232022');

-- --------------------------------------------------------

--
-- Table structure for table `me_slip_type`
--

CREATE TABLE `me_slip_type` (
  `TYPE_UUID` varchar(20) NOT NULL,
  `TYPE_NAME` varchar(100) NOT NULL,
  `TYPE_ALAIS` varchar(10) NOT NULL,
  `TYPE_STATUS` int(10) NOT NULL DEFAULT 1,
  `TYPE_DATE_TIME` datetime NOT NULL DEFAULT current_timestamp(),
  `STAFF_ID` varchar(20) NOT NULL
) ENGINE=InnoDB DEFAULT CHARSET=latin1;

-- --------------------------------------------------------

--
-- Table structure for table `me_user`
--

CREATE TABLE `me_user` (
  `USER_UUID` varchar(20) NOT NULL,
  `USER_NAME` varchar(100) NOT NULL,
  `USER_ROLE` varchar(50) NOT NULL,
  `USER_EMAIL` varchar(50) NOT NULL,
  `USER_ID` varchar(50) NOT NULL,
  `USER_PASSWORD` varchar(100) NOT NULL,
  `USER_STATUS` int(10) NOT NULL DEFAULT 1,
  `USER_DATE_TIME` datetime NOT NULL DEFAULT current_timestamp(),
  `STAFF_ID` varchar(20) NOT NULL
) ENGINE=InnoDB DEFAULT CHARSET=latin1;

--
-- Dumping data for table `me_user`
--

INSERT INTO `me_user` (`USER_UUID`, `USER_NAME`, `USER_ROLE`, `USER_EMAIL`, `USER_ID`, `USER_PASSWORD`, `USER_STATUS`, `USER_DATE_TIME`, `STAFF_ID`) VALUES
('USR5235-10232022', 'Administrator', 'admin', 'admin@gmail.com', 'admin', '$2y$10$9Yuo.vMFZxhJHVpr/1dJtuJqHB8qt1rJl5iBS5s1FA/tBMHGEZyT2', 1, '2022-10-23 23:30:20', 'USR5235-10232022');

--
-- Indexes for dumped tables
--

--
-- Indexes for table `me_bill`
--
ALTER TABLE `me_bill`
  ADD PRIMARY KEY (`BILL_UUID`),
  ADD KEY `FK_ME_USER_FOR_STAFF_ID` (`STAFF_ID`),
  ADD KEY `FK_ME_SLIP_FOR_BILL_SLIP_UUID` (`BILL_SLIP_UUID`);

--
-- Indexes for table `me_bill_history`
--
ALTER TABLE `me_bill_history`
  ADD PRIMARY KEY (`BILL_ID`),
  ADD KEY `FK_STAFF_ID_FOR_USER_UUID` (`STAFF_ID`),
  ADD KEY `FK_BILL_MRID_FOR_PATIENT_MRID` (`BILL_MRID`),
  ADD KEY `FK_BILL_UUID_FOR_BILL_SLIP_UUID` (`BILL_SLIP_UUID`);

--
-- Indexes for table `me_department`
--
ALTER TABLE `me_department`
  ADD PRIMARY KEY (`DEPARTMENT_UUID`),
  ADD KEY `FK_STAFF_ME_DEPARTMENT` (`STAFF_ID`);

--
-- Indexes for table `me_doctors`
--
ALTER TABLE `me_doctors`
  ADD PRIMARY KEY (`DOCTOR_UUID`),
  ADD KEY `FK_STAFF_ID_ME_DOCTORS` (`STAFF_ID`),
  ADD KEY `FK_DEPARTMENT_NAME_ME_DEPARTMENT` (`DOCTOR_DEPARTMENT`);

--
-- Indexes for table `me_emergency`
--
ALTER TABLE `me_emergency`
  ADD PRIMARY KEY (`EMERGENCY_UUID`),
  ADD KEY `FK_SLIP_UUID_FOR_EMERGENCY_SLIP_UUID` (`EMERGENCY_SLIP_UUID`),
  ADD KEY `FK_USER_UNIQUE_UUID_FOR_EMER_STAFF_ID` (`STAFF_ID`);

--
-- Indexes for table `me_emergency_history`
--
ALTER TABLE `me_emergency_history`
  ADD PRIMARY KEY (`EMERGENCY_ID`),
  ADD KEY `FK_EMERGENCY_STAFF_ID_FOR_USER_UUID` (`STAFF_ID`),
  ADD KEY `FK_EMERGENCY_SLIP_UUID_FOR_SLIP_UUID` (`EMERGENCY_SLIP_UUID`);

--
-- Indexes for table `me_emergency_service_charge`
--
ALTER TABLE `me_emergency_service_charge`
  ADD PRIMARY KEY (`SERVICE_UUID`),
  ADD KEY `FK_STAFF_ME_EMERGENCY_SERVICE_CHARGE` (`STAFF_ID`);

--
-- Indexes for table `me_followup_slip`
--
ALTER TABLE `me_followup_slip`
  ADD PRIMARY KEY (`SLIP_UUID`),
  ADD KEY `FK_STAFF_ME_FOLLOWUP_SLIP` (`STAFF_ID`),
  ADD KEY `FK_OPD_SLIP_ME_FOLLOWUP_SLIP` (`SLIP_REFERENCE_UUID`);

--
-- Indexes for table `me_followup_slip_history`
--
ALTER TABLE `me_followup_slip_history`
  ADD PRIMARY KEY (`SLIP_ID`),
  ADD KEY `FK_FOLLOWUP_STAFF_ID_FOR_USER_UUID` (`STAFF_ID`),
  ADD KEY `FK_FOLLOWUP_SLIP_UUID_FOR_SLIP_REFERENCE_UUID` (`SLIP_REFERENCE_UUID`);

--
-- Indexes for table `me_general_service`
--
ALTER TABLE `me_general_service`
  ADD PRIMARY KEY (`SERVICE_UUID`),
  ADD KEY `FK_STAFF_ME_GENERAL_SERVICE` (`STAFF_ID`);

--
-- Indexes for table `me_indoor`
--
ALTER TABLE `me_indoor`
  ADD PRIMARY KEY (`INDOOR_UUID`),
  ADD KEY `FK_INDOOR_SLIP_UUID_FOR_SLIP_UUID` (`INDOOR_SLIP_UUID`),
  ADD KEY `FK_USER_UNIQUE_UUID_FOR_INDOOR_STAFF_ID` (`STAFF_ID`);

--
-- Indexes for table `me_indoor_history`
--
ALTER TABLE `me_indoor_history`
  ADD PRIMARY KEY (`INDOOR_ID`),
  ADD KEY `FK_INDOOR_STAFF_ID_FOR_USER_UUID` (`STAFF_ID`),
  ADD KEY `FK_INDOOR_SLIP_UUID_FOR_INDOOR_SLIP_UUID_HISTORY` (`INDOOR_SLIP_UUID`);

--
-- Indexes for table `me_indoor_type`
--
ALTER TABLE `me_indoor_type`
  ADD PRIMARY KEY (`INDOOR_TYPE_UUID`),
  ADD UNIQUE KEY `INDOOR_TYPE_ALAIS` (`INDOOR_TYPE_ALAIS`),
  ADD KEY `FK_STAFF_ME_INDOOR_TYPE` (`STAFF_ID`);

--
-- Indexes for table `me_patient`
--
ALTER TABLE `me_patient`
  ADD PRIMARY KEY (`PATIENT_MR_ID`),
  ADD KEY `FK_STAFF_ID_ME_USER` (`STAFF_ID`);

--
-- Indexes for table `me_patient_history`
--
ALTER TABLE `me_patient_history`
  ADD PRIMARY KEY (`PATIENT_ID`),
  ADD KEY `FK_PATIENT_STAFF_ID_FOR_USER_UUID` (`STAFF_ID`);

--
-- Indexes for table `me_request`
--
ALTER TABLE `me_request`
  ADD PRIMARY KEY (`REQUEST_UUID`),
  ADD KEY `FK_STAFF_ME_REQUEST` (`STAFF_ID`);

--
-- Indexes for table `me_room`
--
ALTER TABLE `me_room`
  ADD PRIMARY KEY (`ROOM_UUID`),
  ADD KEY `FK_STAFF_ME_ROOM` (`STAFF_ID`);

--
-- Indexes for table `me_service_slip`
--
ALTER TABLE `me_service_slip`
  ADD PRIMARY KEY (`SLIP_UUID`),
  ADD KEY `FK_STAFF_ME_SERVICE_SLIP` (`STAFF_ID`),
  ADD KEY `FK_SLIP_REFERENCE_UUID_FOR_SLIP_REFERENCE_UUID` (`SLIP_REFERENCE_UUID`);

--
-- Indexes for table `me_service_slip_history`
--
ALTER TABLE `me_service_slip_history`
  ADD PRIMARY KEY (`SLIP_ID`),
  ADD KEY `FK_SERVICE_SLIP_STAFF_ID_FOR_USER_UUID` (`STAFF_ID`),
  ADD KEY `FK_SERVICE_SLIP_SLIP_UUID_FOR_SLIP_UUID` (`SLIP_REFERENCE_UUID`);

--
-- Indexes for table `me_slip`
--
ALTER TABLE `me_slip`
  ADD PRIMARY KEY (`SLIP_UUID`),
  ADD KEY `FK_STAFF_ID_FROM_ME_USER` (`STAFF_ID`),
  ADD KEY `FK_SLIP_DEPARTMENT_FROM_ME_DEPARTMENT` (`SLIP_DEPARTMENT`),
  ADD KEY `FK_SLIP_DOCTOR_FROM_ME_DOCTORS` (`SLIP_DOCTOR`),
  ADD KEY `FK_SLIP_MRID_FOR_SLIP_MRID` (`SLIP_MRID`);

--
-- Indexes for table `me_slip_history`
--
ALTER TABLE `me_slip_history`
  ADD PRIMARY KEY (`SLIP_ID`),
  ADD KEY `FK_SLIP_STAFF_ID_FOR_USER_UUID` (`STAFF_ID`),
  ADD KEY `FK_SLIP_MR_ID_FOR_SLIP_MRID` (`SLIP_MRID`),
  ADD KEY `FK_SLIP_DEPARTMENT_FOR_SLIP_DEPARTMENT_UUID` (`SLIP_DEPARTMENT`),
  ADD KEY `FK_SLIP_DOCTOR_FOR_SLIP_DOCTOR_UUID` (`SLIP_DOCTOR`);

--
-- Indexes for table `me_slip_type`
--
ALTER TABLE `me_slip_type`
  ADD PRIMARY KEY (`TYPE_UUID`),
  ADD KEY `FK_TYPE_STAFF_ID_FROM_ME_USER` (`STAFF_ID`);

--
-- Indexes for table `me_user`
--
ALTER TABLE `me_user`
  ADD PRIMARY KEY (`USER_UUID`),
  ADD UNIQUE KEY `USER_EMAIL` (`USER_EMAIL`,`USER_ID`);

--
-- AUTO_INCREMENT for dumped tables
--

--
-- AUTO_INCREMENT for table `me_bill_history`
--
ALTER TABLE `me_bill_history`
  MODIFY `BILL_ID` int(10) NOT NULL AUTO_INCREMENT;

--
-- AUTO_INCREMENT for table `me_emergency_history`
--
ALTER TABLE `me_emergency_history`
  MODIFY `EMERGENCY_ID` int(10) NOT NULL AUTO_INCREMENT;

--
-- AUTO_INCREMENT for table `me_followup_slip_history`
--
ALTER TABLE `me_followup_slip_history`
  MODIFY `SLIP_ID` int(10) NOT NULL AUTO_INCREMENT;

--
-- AUTO_INCREMENT for table `me_indoor_history`
--
ALTER TABLE `me_indoor_history`
  MODIFY `INDOOR_ID` int(10) NOT NULL AUTO_INCREMENT;

--
-- AUTO_INCREMENT for table `me_patient_history`
--
ALTER TABLE `me_patient_history`
  MODIFY `PATIENT_ID` int(10) NOT NULL AUTO_INCREMENT;

--
-- AUTO_INCREMENT for table `me_service_slip_history`
--
ALTER TABLE `me_service_slip_history`
  MODIFY `SLIP_ID` int(10) NOT NULL AUTO_INCREMENT;

--
-- AUTO_INCREMENT for table `me_slip_history`
--
ALTER TABLE `me_slip_history`
  MODIFY `SLIP_ID` int(10) NOT NULL AUTO_INCREMENT, AUTO_INCREMENT=7;

--
-- Constraints for dumped tables
--

--
-- Constraints for table `me_bill`
--
ALTER TABLE `me_bill`
  ADD CONSTRAINT `FK_ME_SLIP_FOR_BILL_SLIP_UUID` FOREIGN KEY (`BILL_SLIP_UUID`) REFERENCES `me_slip` (`SLIP_UUID`),
  ADD CONSTRAINT `FK_ME_USER_FOR_STAFF_ID` FOREIGN KEY (`STAFF_ID`) REFERENCES `me_user` (`USER_UUID`);

--
-- Constraints for table `me_bill_history`
--
ALTER TABLE `me_bill_history`
  ADD CONSTRAINT `FK_BILL_MRID_FOR_PATIENT_MRID` FOREIGN KEY (`BILL_MRID`) REFERENCES `me_patient` (`PATIENT_MR_ID`),
  ADD CONSTRAINT `FK_BILL_UUID_FOR_BILL_SLIP_UUID` FOREIGN KEY (`BILL_SLIP_UUID`) REFERENCES `me_slip` (`SLIP_UUID`),
  ADD CONSTRAINT `FK_STAFF_ID_FOR_USER_UUID` FOREIGN KEY (`STAFF_ID`) REFERENCES `me_user` (`USER_UUID`);

--
-- Constraints for table `me_doctors`
--
ALTER TABLE `me_doctors`
  ADD CONSTRAINT `FK_DEPARTMENT_NAME_ME_DEPARTMENT` FOREIGN KEY (`DOCTOR_DEPARTMENT`) REFERENCES `me_department` (`DEPARTMENT_UUID`),
  ADD CONSTRAINT `FK_STAFF_ID_ME_DOCTORS` FOREIGN KEY (`STAFF_ID`) REFERENCES `me_user` (`USER_UUID`);

--
-- Constraints for table `me_emergency`
--
ALTER TABLE `me_emergency`
  ADD CONSTRAINT `FK_SLIP_UUID_FOR_EMERGENCY_SLIP_UUID` FOREIGN KEY (`EMERGENCY_SLIP_UUID`) REFERENCES `me_slip` (`SLIP_UUID`),
  ADD CONSTRAINT `FK_USER_UNIQUE_UUID_FOR_EMER_STAFF_ID` FOREIGN KEY (`STAFF_ID`) REFERENCES `me_user` (`USER_UUID`);

--
-- Constraints for table `me_emergency_history`
--
ALTER TABLE `me_emergency_history`
  ADD CONSTRAINT `FK_EMERGENCY_SLIP_UUID_FOR_SLIP_UUID` FOREIGN KEY (`EMERGENCY_SLIP_UUID`) REFERENCES `me_slip` (`SLIP_UUID`),
  ADD CONSTRAINT `FK_EMERGENCY_STAFF_ID_FOR_USER_UUID` FOREIGN KEY (`STAFF_ID`) REFERENCES `me_user` (`USER_UUID`);

--
-- Constraints for table `me_followup_slip`
--
ALTER TABLE `me_followup_slip`
  ADD CONSTRAINT `FK_OPD_SLIP_ME_FOLLOWUP_SLIP` FOREIGN KEY (`SLIP_REFERENCE_UUID`) REFERENCES `me_slip` (`SLIP_UUID`),
  ADD CONSTRAINT `FK_STAFF_ME_FOLLOWUP_SLIP` FOREIGN KEY (`STAFF_ID`) REFERENCES `me_user` (`USER_UUID`);

--
-- Constraints for table `me_followup_slip_history`
--
ALTER TABLE `me_followup_slip_history`
  ADD CONSTRAINT `FK_FOLLOWUP_SLIP_UUID_FOR_SLIP_REFERENCE_UUID` FOREIGN KEY (`SLIP_REFERENCE_UUID`) REFERENCES `me_slip` (`SLIP_UUID`),
  ADD CONSTRAINT `FK_FOLLOWUP_STAFF_ID_FOR_USER_UUID` FOREIGN KEY (`STAFF_ID`) REFERENCES `me_user` (`USER_UUID`);

--
-- Constraints for table `me_general_service`
--
ALTER TABLE `me_general_service`
  ADD CONSTRAINT `FK_STAFF_ME_GENERAL_SERVICE` FOREIGN KEY (`STAFF_ID`) REFERENCES `me_user` (`USER_UUID`);

--
-- Constraints for table `me_indoor`
--
ALTER TABLE `me_indoor`
  ADD CONSTRAINT `FK_INDOOR_SLIP_UUID_FOR_SLIP_UUID` FOREIGN KEY (`INDOOR_SLIP_UUID`) REFERENCES `me_slip` (`SLIP_UUID`),
  ADD CONSTRAINT `FK_USER_UNIQUE_UUID_FOR_INDOOR_STAFF_ID` FOREIGN KEY (`STAFF_ID`) REFERENCES `me_user` (`USER_UUID`);

--
-- Constraints for table `me_indoor_history`
--
ALTER TABLE `me_indoor_history`
  ADD CONSTRAINT `FK_INDOOR_SLIP_UUID_FOR_INDOOR_SLIP_UUID_HISTORY` FOREIGN KEY (`INDOOR_SLIP_UUID`) REFERENCES `me_slip` (`SLIP_UUID`),
  ADD CONSTRAINT `FK_INDOOR_STAFF_ID_FOR_USER_UUID` FOREIGN KEY (`STAFF_ID`) REFERENCES `me_user` (`USER_UUID`);

--
-- Constraints for table `me_indoor_type`
--
ALTER TABLE `me_indoor_type`
  ADD CONSTRAINT `FK_STAFF_ME_INDOOR_TYPE` FOREIGN KEY (`STAFF_ID`) REFERENCES `me_user` (`USER_UUID`);

--
-- Constraints for table `me_patient`
--
ALTER TABLE `me_patient`
  ADD CONSTRAINT `FK_STAFF_ID_ME_USER` FOREIGN KEY (`STAFF_ID`) REFERENCES `me_user` (`USER_UUID`);

--
-- Constraints for table `me_patient_history`
--
ALTER TABLE `me_patient_history`
  ADD CONSTRAINT `FK_PATIENT_STAFF_ID_FOR_USER_UUID` FOREIGN KEY (`STAFF_ID`) REFERENCES `me_user` (`USER_UUID`);

--
-- Constraints for table `me_room`
--
ALTER TABLE `me_room`
  ADD CONSTRAINT `FK_STAFF_ME_ROOM` FOREIGN KEY (`STAFF_ID`) REFERENCES `me_user` (`USER_UUID`);

--
-- Constraints for table `me_service_slip`
--
ALTER TABLE `me_service_slip`
  ADD CONSTRAINT `FK_SLIP_REFERENCE_UUID_FOR_SLIP_REFERENCE_UUID` FOREIGN KEY (`SLIP_REFERENCE_UUID`) REFERENCES `me_slip` (`SLIP_UUID`),
  ADD CONSTRAINT `FK_STAFF_ME_SERVICE_SLIP` FOREIGN KEY (`STAFF_ID`) REFERENCES `me_user` (`USER_UUID`);

--
-- Constraints for table `me_service_slip_history`
--
ALTER TABLE `me_service_slip_history`
  ADD CONSTRAINT `FK_SERVICE_SLIP_SLIP_UUID_FOR_SLIP_UUID` FOREIGN KEY (`SLIP_REFERENCE_UUID`) REFERENCES `me_slip` (`SLIP_UUID`),
  ADD CONSTRAINT `FK_SERVICE_SLIP_STAFF_ID_FOR_USER_UUID` FOREIGN KEY (`STAFF_ID`) REFERENCES `me_user` (`USER_UUID`);

--
-- Constraints for table `me_slip`
--
ALTER TABLE `me_slip`
  ADD CONSTRAINT `FK_SLIP_DEPARTMENT_FROM_ME_DEPARTMENT` FOREIGN KEY (`SLIP_DEPARTMENT`) REFERENCES `me_department` (`DEPARTMENT_UUID`),
  ADD CONSTRAINT `FK_SLIP_DOCTOR_FROM_ME_DOCTORS` FOREIGN KEY (`SLIP_DOCTOR`) REFERENCES `me_doctors` (`DOCTOR_UUID`),
  ADD CONSTRAINT `FK_SLIP_MRID_FOR_SLIP_MRID` FOREIGN KEY (`SLIP_MRID`) REFERENCES `me_patient` (`PATIENT_MR_ID`),
  ADD CONSTRAINT `FK_STAFF_ID_FROM_ME_USER` FOREIGN KEY (`STAFF_ID`) REFERENCES `me_user` (`USER_UUID`);

--
-- Constraints for table `me_slip_history`
--
ALTER TABLE `me_slip_history`
  ADD CONSTRAINT `FK_SLIP_DEPARTMENT_FOR_SLIP_DEPARTMENT_UUID` FOREIGN KEY (`SLIP_DEPARTMENT`) REFERENCES `me_department` (`DEPARTMENT_UUID`),
  ADD CONSTRAINT `FK_SLIP_DOCTOR_FOR_SLIP_DOCTOR_UUID` FOREIGN KEY (`SLIP_DOCTOR`) REFERENCES `me_doctors` (`DOCTOR_UUID`),
  ADD CONSTRAINT `FK_SLIP_MR_ID_FOR_SLIP_MRID` FOREIGN KEY (`SLIP_MRID`) REFERENCES `me_patient` (`PATIENT_MR_ID`),
  ADD CONSTRAINT `FK_SLIP_STAFF_ID_FOR_USER_UUID` FOREIGN KEY (`STAFF_ID`) REFERENCES `me_user` (`USER_UUID`);

--
-- Constraints for table `me_slip_type`
--
ALTER TABLE `me_slip_type`
  ADD CONSTRAINT `FK_TYPE_STAFF_ID_FROM_ME_USER` FOREIGN KEY (`STAFF_ID`) REFERENCES `me_user` (`USER_UUID`);
COMMIT;

/*!40101 SET CHARACTER_SET_CLIENT=@OLD_CHARACTER_SET_CLIENT */;
/*!40101 SET CHARACTER_SET_RESULTS=@OLD_CHARACTER_SET_RESULTS */;
/*!40101 SET COLLATION_CONNECTION=@OLD_COLLATION_CONNECTION */;
